Banalacan Port,Adeling's Karenderia,K N's Kitchen,Street 74 Restaurant,Geodetic Center,Villa Negro Cafť,Paadjao Falls,Tarug Cave,Bagumbungan,Bathala Cave,Kawa-Kawa Falls,Holy Cross Parish Church,Rico's Inn,Vdine Restaurant,Stop'n Shop,Oromismo Hotel 898,Aler Cafť,Carmen Eco-Park,Pulang Lupa,Cate Tanawin,Ka Amon Cave,Poctoy White Beach Resort,Mang Bens,Ajumma,Amirah's Place,Em's Food House 2,Meal Tea Wings,Rosales One Stop Shop,Malbog Hotspring,Kape Dring,Mss Hotel And Resto,Green Crib,Tambayan Sa Curba,Curba Grill,St. Joseph The Worker Parish Church,Bayview,Sinugba,Unica Ija,Marigold,Monsan Brew,Talao Cave,Guingona Park,Tita Lida's,LUXOR Hotel and Restaurant,Marinduque Airport,Cumba,Theresa Store/Karinderia,Duyay Cave,Boac Cathedral,The Penthouse,Eomma,Bricks And Coals,10 Y.O.,Cravings,Tony And Aida's Pansiteria,Lola Pia's Pansit,Cafe Benevolo,Cafe Tolyo,Porknok Putok Batok,Khendal Foodhub,Hale Al,4900,Uncle Bhogs,Chinggay's Cafť,Curba Grill,Blue Building Food Court,Kusina Sa Plaza,Good Chow Food Express,La Concha,Picaro,Lucky Food House,Monserrat,Meal Tea Wings Murallon,Marinduque Museum,Marinduque Wildlife Sanctuary,St.Isidore Parish Church,Las Hermana's Restaurant,Tonicita's,Poblacion Pares,Calle Labao Diner,Bethany Cafe
0,7.318333333,4.096666667,4.045,17.13,15.04333333,44.63833333,16.32166667,34.93833333,30.20333333,29.72166667,28.64666667,28.27833333,28.445,28.255,28.54333333,28.875,35.295,55.62666667,58.02,46.05333333,57.63166667,55.34666667,54.26166667,54.24333333,54.195,54.27,53.9,40.78333333,39.17666667,39.32666667,39.36166667,39.46166667,39.435,26.51,26.57,26.02833333,25.95833333,26.345,26.57,38.89166667,26.85666667,26.01833333,24.43666667,21.80666667,22.45333333,21.94666667,31.40166667,11.09833333,15.45833333,15.425,15.43833333,15.59666667,14.03333333,14.00333333,13.81,12.725,12.40833333,12.35333333,12.07166667,11.73,11.47333333,11.27833333,11.095,11.26,11.145,11.21333333,11.28166667,11.28,11.2,11.46666667,11.50833333,11.45666667,21.56833333,91.43166667,6.236666667,5.978333333,5.808333333,5.558333333,5.84,6.126666667
7.35,0,7.478333333,7.426666667,11.15333333,9.066666667,48.02,19.70333333,38.32,33.585,33.10333333,32.02833333,31.66,31.82666667,31.63666667,31.925,32.25666667,38.67666667,59.00833333,61.40166667,49.435,61.01333333,58.72833333,57.64333333,57.625,57.57666667,57.65166667,57.28166667,44.165,42.55833333,42.70833333,42.74333333,42.84333333,42.81666667,29.89166667,29.95166667,29.41,29.34,29.72666667,29.95166667,42.27333333,30.23833333,29.4,27.81833333,25.18833333,25.835,25.32833333,34.78333333,14.48,18.84,18.80666667,18.82,18.97833333,17.415,17.385,17.19166667,16.10666667,15.79,15.735,15.45333333,15.11166667,14.855,14.66,14.47666667,14.64166667,14.52666667,14.595,14.66333333,14.66166667,14.58166667,14.84833333,14.89,14.83833333,24.95,94.81333333,9.618333333,9.36,9.19,8.94,9.221666667,9.508333333
4.026666667,7.481666667,0,0.051666667,17.29333333,15.20666667,40.54166667,12.225,30.84166667,26.10666667,25.625,24.55,24.18166667,24.34833333,24.15833333,24.44666667,24.77833333,31.19833333,51.53,53.92333333,41.95666667,53.535,51.25,50.165,50.14666667,50.09833333,50.17333333,49.80333333,36.68666667,35.08,35.23,35.265,35.365,35.33833333,22.41333333,22.47333333,21.93166667,21.86166667,22.24833333,22.47333333,34.795,22.76,21.92166667,20.34,17.71,18.35666667,17.85,27.305,7.001666667,11.36166667,11.32833333,11.34166667,11.5,9.936666667,9.906666667,9.713333333,8.628333333,8.311666667,8.256666667,7.975,7.633333333,7.376666667,7.181666667,6.998333333,7.163333333,7.048333333,7.116666667,7.185,7.183333333,7.103333333,7.37,7.411666667,7.36,17.47166667,87.335,2.14,1.881666667,1.711666667,1.461666667,1.743333333,2.03
3.975,7.43,0.051666667,0,17.24166667,15.155,40.59333333,12.27666667,30.89333333,26.15833333,25.67666667,24.60166667,24.23333333,24.4,24.21,24.49833333,24.83,31.25,51.58166667,53.975,42.00833333,53.58666667,51.30166667,50.21666667,50.19833333,50.15,50.225,49.855,36.73833333,35.13166667,35.28166667,35.31666667,35.41666667,35.39,22.465,22.525,21.98333333,21.91333333,22.3,22.525,34.84666667,22.81166667,21.97333333,20.39166667,17.76166667,18.40833333,17.90166667,27.35666667,7.053333333,11.41333333,11.38,11.39333333,11.55166667,9.988333333,9.958333333,9.765,8.68,8.363333333,8.308333333,8.026666667,7.685,7.428333333,7.233333333,7.05,7.215,7.1,7.168333333,7.236666667,7.235,7.155,7.421666667,7.463333333,7.411666667,17.52333333,87.38666667,2.191666667,1.933333333,1.763333333,1.513333333,1.795,2.081666667
17.215,11.09833333,17.34333333,17.29166667,0,2.086666667,57.885,29.56833333,48.11666667,43.45,42.96833333,41.89333333,41.525,41.69166667,41.50166667,41.79,42.12166667,48.54166667,68.87333333,71.26666667,59.3,70.87833333,68.59333333,67.50833333,67.49,67.44166667,67.51666667,67.14666667,54.03,52.42333333,52.57333333,52.60833333,52.70833333,52.68166667,39.75666667,39.81666667,39.275,39.205,39.59166667,39.81666667,52.13833333,40.10333333,39.265,37.68333333,35.05333333,35.7,35.19333333,44.64833333,24.345,28.705,28.67166667,28.685,28.84333333,27.28,27.25,27.05666667,25.97166667,25.655,25.6,25.31833333,24.97666667,24.72,24.525,24.34166667,24.50666667,24.39166667,24.46,24.52833333,24.52666667,24.44666667,24.71333333,24.755,24.70333333,34.815,104.6783333,19.48333333,19.225,19.055,18.805,19.08666667,19.37333333
15.12833333,9.011666667,15.25666667,15.205,2.086666667,0,55.79833333,27.48166667,46.03,41.36333333,40.88166667,39.80666667,39.43833333,39.605,39.415,39.70333333,40.035,46.455,66.78666667,69.18,57.21333333,68.79166667,66.50666667,65.42166667,65.40333333,65.355,65.43,65.06,51.94333333,50.33666667,50.48666667,50.52166667,50.62166667,50.595,37.67,37.73,37.18833333,37.11833333,37.505,37.73,50.05166667,38.01666667,37.17833333,35.59666667,32.96666667,33.61333333,33.10666667,42.56166667,22.25833333,26.61833333,26.585,26.59833333,26.75666667,25.19333333,25.16333333,24.97,23.885,23.56833333,23.51333333,23.23166667,22.89,22.63333333,22.43833333,22.255,22.42,22.305,22.37333333,22.44166667,22.44,22.36,22.62666667,22.66833333,22.61666667,32.72833333,102.5916667,17.39666667,17.13833333,16.96833333,16.71833333,17,17.28666667
44.53333333,47.98833333,40.50666667,40.55833333,57.8,55.71333333,0,49.48666667,59.28833333,50.055,43.32666667,44.83166667,45.54833333,45.715,45.51,45.81333333,46.145,52.565,72.89666667,75.29,63.32333333,74.90166667,72.61666667,71.53166667,71.51333333,71.465,71.54,71.17,67.91666667,66.31,66.46,66.495,66.595,66.56833333,53.64333333,53.70333333,53.16166667,53.09166667,53.47833333,53.70333333,66.025,53.99,53.15166667,51.57,48.94,49.58666667,49.08,58.535,38.23166667,42.59166667,42.55833333,42.57166667,42.73,41.16666667,41.13666667,40.94333333,39.85833333,39.54166667,39.48666667,39.205,38.86333333,38.60666667,38.41166667,38.22833333,38.39333333,38.27833333,38.34666667,38.415,38.41333333,38.33333333,38.6,38.64166667,38.59,48.70166667,108.7016667,38.83,39.53833333,39.44,39.445,39.11166667,39.29166667
16.18833333,19.64333333,12.16166667,12.21333333,29.455,27.36833333,49.565,0,22.13,17.395,16.91333333,15.83833333,15.47,15.63666667,15.44666667,15.735,16.06666667,22.48666667,42.81833333,45.21166667,33.245,44.82333333,42.53833333,41.45333333,41.435,41.38666667,41.46166667,41.09166667,45.71,44.10333333,44.25333333,44.28833333,44.38833333,44.36166667,31.43666667,31.49666667,30.955,30.885,31.27166667,31.49666667,43.81833333,31.78333333,30.945,29.36333333,26.73333333,27.38,26.87333333,36.32833333,16.025,20.385,20.35166667,20.365,20.52333333,18.96,18.93,18.73666667,17.65166667,17.335,17.28,16.99833333,16.65666667,16.4,16.205,16.02166667,16.18666667,16.07166667,16.14,16.20833333,16.20666667,16.12666667,16.39333333,16.435,16.38333333,26.495,78.62333333,11.16333333,11.61333333,11.39166667,11.1,10.89833333,10.76833333
34.80833333,38.26333333,30.78166667,30.83333333,48.075,45.98833333,59.16833333,22.10666667,0,9.205,18.64666667,17.57166667,17.20333333,17.37,17.18,17.46833333,17.8,24.22,44.55166667,46.945,34.97833333,46.55666667,44.27166667,43.18666667,43.16833333,43.12,43.195,42.825,64.33,62.72333333,62.87333333,62.90833333,63.00833333,62.98166667,50.05666667,50.11666667,49.575,49.505,49.89166667,50.11666667,62.43833333,50.40333333,49.565,47.98333333,45.35333333,46,45.49333333,54.94833333,34.645,39.005,38.97166667,38.985,39.14333333,37.58,37.55,37.35666667,36.27166667,35.955,35.9,35.61833333,35.27666667,35.02,34.825,34.64166667,34.80666667,34.69166667,34.76,34.82833333,34.82666667,34.74666667,35.01333333,35.055,35.00333333,45.115,80.35666667,29.78333333,30.23333333,30.01166667,29.72,29.51833333,29.38833333
30.055,33.51,26.02833333,26.08,43.32166667,41.235,49.96333333,17.35333333,9.233333333,0,9.441666667,8.366666667,7.998333333,8.165,7.975,8.263333333,8.595,15.015,35.34666667,37.74,25.77333333,37.35166667,35.06666667,33.98166667,33.96333333,33.915,33.99,33.62,59.57666667,57.97,58.12,58.155,58.255,58.22833333,45.30333333,45.36333333,44.82166667,44.75166667,45.13833333,45.36333333,57.685,45.65,44.81166667,43.23,40.6,41.24666667,40.74,50.195,29.89166667,34.25166667,34.21833333,34.23166667,34.39,32.82666667,32.79666667,32.60333333,31.51833333,31.20166667,31.14666667,30.865,30.52333333,30.26666667,30.07166667,29.88833333,30.05333333,29.93833333,30.00666667,30.075,30.07333333,29.99333333,30.26,30.30166667,30.25,40.36166667,71.15166667,25.03,25.48,25.25833333,24.96666667,24.765,24.635
29.68166667,33.13666667,25.655,25.70666667,42.94833333,40.86166667,43.225,16.98,18.75833333,9.525,0,4.15,4.866666667,5.033333333,4.828333333,5.131666667,5.463333333,11.88333333,32.215,34.60833333,22.64166667,34.22,31.935,30.85,30.83166667,30.78333333,30.85833333,30.48833333,57.79166667,57.59666667,57.74666667,57.78166667,57.88166667,57.855,44.93,44.99,44.44833333,44.37833333,44.765,44.99,57.31166667,45.27666667,44.43833333,42.85666667,40.22666667,40.87333333,40.36666667,49.82166667,29.51833333,33.87833333,33.845,33.85833333,34.01666667,32.45333333,32.42333333,32.23,31.145,30.82833333,30.77333333,30.49166667,30.15,29.89333333,29.69833333,29.515,29.68,29.565,29.63333333,29.70166667,29.7,29.62,29.88666667,29.92833333,29.87666667,39.98833333,68.02,24.65666667,25.10666667,24.885,24.59333333,24.39166667,24.26166667
28.615,32.07,24.58833333,24.64,41.88166667,39.795,44.83833333,15.91333333,17.69166667,8.458333333,4.153333333,0,0.721666667,0.888333333,0.678333333,0.986666667,1.318333333,7.738333333,28.07,30.46333333,18.49666667,30.075,27.79,26.705,26.68666667,26.63833333,26.71333333,26.34333333,53.64666667,55.61666667,55.62333333,55.81666667,54.96833333,54.995,43.86333333,43.92333333,43.38166667,43.31166667,43.69833333,43.92333333,56.245,44.21,43.37166667,41.79,39.16,39.80666667,39.3,48.755,28.45166667,32.81166667,32.77833333,32.79166667,32.95,31.38666667,31.35666667,31.16333333,30.07833333,29.76166667,29.70666667,29.425,29.08333333,28.82666667,28.63166667,28.44833333,28.61333333,28.49833333,28.56666667,28.635,28.63333333,28.55333333,28.82,28.86166667,28.81,38.92166667,63.875,23.59,24.04,23.81833333,23.52666667,23.325,23.195
28.14333333,31.59833333,24.11666667,24.16833333,41.41,39.32333333,45.52166667,15.44166667,17.22,7.986666667,4.836666667,0.726666667,0,0.33,0.278333333,0.265,0.69,7.11,27.44166667,29.835,17.86833333,29.44666667,27.16166667,26.07666667,26.05833333,26.01,26.085,25.715,53.01833333,54.98833333,54.995,55.18833333,54.34,54.36666667,43.39166667,43.45166667,42.91,42.84,43.22666667,43.45166667,55.77333333,43.73833333,42.9,41.31833333,38.68833333,39.335,38.82833333,48.28333333,27.98,32.34,32.30666667,32.32,32.47833333,30.915,30.885,30.69166667,29.60666667,29.29,29.235,28.95333333,28.61166667,28.355,28.16,27.97666667,28.14166667,28.02666667,28.095,28.16333333,28.16166667,28.08166667,28.34833333,28.39,28.33833333,38.45,63.24666667,23.11833333,23.56833333,23.34666667,23.055,22.85333333,22.72333333
28.255,31.71,24.22833333,24.28,41.52166667,39.435,45.63333333,15.55333333,17.33166667,8.098333333,4.948333333,0.838333333,0.383333333,0,0.251666667,0.648333333,0.591666667,6.97,27.30166667,29.695,17.72833333,29.30666667,27.02166667,25.93666667,25.91833333,25.87,25.945,25.575,52.87833333,54.84833333,54.855,55.04833333,54.2,54.22666667,43.50333333,43.56333333,43.02166667,42.95166667,43.33833333,43.56333333,55.885,43.85,43.01166667,41.43,38.8,39.44666667,38.94,48.395,28.09166667,32.45166667,32.41833333,32.43166667,32.59,31.02666667,30.99666667,30.80333333,29.71833333,29.40166667,29.34666667,29.065,28.72333333,28.46666667,28.27166667,28.08833333,28.25333333,28.13833333,28.20666667,28.275,28.27333333,28.19333333,28.46,28.50166667,28.45,38.56166667,63.10666667,23.23,23.68,23.45833333,23.16666667,22.965,22.835
28.17166667,31.62666667,24.145,24.19666667,41.43833333,39.35166667,45.465,15.47,17.24833333,8.015,4.78,0.626666667,0.223333333,0.251666667,0,0.488333333,0.733333333,7.221666667,27.55333333,29.94666667,17.98,29.55833333,27.27333333,26.18833333,26.17,26.12166667,26.19666667,25.82666667,53.13,55.1,55.10666667,55.3,54.45166667,54.47833333,43.42,43.48,42.93833333,42.86833333,43.255,43.48,55.80166667,43.76666667,42.92833333,41.34666667,38.71666667,39.36333333,38.85666667,48.31166667,28.00833333,32.36833333,32.335,32.34833333,32.50666667,30.94333333,30.91333333,30.72,29.635,29.31833333,29.26333333,28.98166667,28.64,28.38333333,28.18833333,28.005,28.17,28.055,28.12333333,28.19166667,28.19,28.11,28.37666667,28.41833333,28.36666667,38.47833333,63.35833333,23.14666667,23.59666667,23.375,23.08333333,22.88166667,22.75166667
28.35333333,31.80833333,24.32666667,24.37833333,41.62,39.53333333,45.73166667,15.65166667,17.43,8.196666667,5.046666667,0.936666667,0.21,0.54,0.488333333,0,0.466666667,7.165,27.49666667,29.89,17.92333333,29.50166667,27.21666667,26.13166667,26.11333333,26.065,26.14,25.77,53.07333333,55.04333333,55.05,55.24333333,54.395,54.42166667,43.60166667,43.66166667,43.12,43.05,43.43666667,43.66166667,55.98333333,43.94833333,43.11,41.52833333,38.89833333,39.545,39.03833333,48.49333333,28.19,32.55,32.51666667,32.53,32.68833333,31.125,31.095,30.90166667,29.81666667,29.5,29.445,29.16333333,28.82166667,28.565,28.37,28.18666667,28.35166667,28.23666667,28.305,28.37333333,28.37166667,28.29166667,28.55833333,28.6,28.54833333,38.66,63.30166667,23.32833333,23.77833333,23.55666667,23.265,23.06333333,22.93333333
28.79166667,32.24666667,24.765,24.81666667,42.05833333,39.97166667,46.17,16.09,17.86833333,8.635,5.485,1.375,0.731666667,0.538333333,0.788333333,0.521666667,0,6.91,27.24166667,29.635,17.66833333,29.24666667,26.96166667,25.87666667,25.85833333,25.81,25.885,25.515,52.81833333,54.78833333,54.795,54.98833333,54.14,54.16666667,44.04,44.1,43.55833333,43.48833333,43.875,44.1,56.42166667,44.38666667,43.54833333,41.96666667,39.33666667,39.98333333,39.47666667,48.93166667,28.62833333,32.98833333,32.955,32.96833333,33.12666667,31.56333333,31.53333333,31.34,30.255,29.93833333,29.88333333,29.60166667,29.26,29.00333333,28.80833333,28.625,28.79,28.675,28.74333333,28.81166667,28.81,28.73,28.99666667,29.03833333,28.98666667,39.09833333,63.04666667,23.76666667,24.21666667,23.995,23.70333333,23.50166667,23.37166667
35.4,38.855,31.37333333,31.425,48.66666667,46.58,52.77833333,22.69833333,24.47666667,15.24333333,12.09333333,7.968333333,7.256666667,7.19,7.441666667,7.293333333,6.913333333,0,21.86666667,24.26,12.29333333,23.87166667,21.58666667,20.50166667,20.48333333,20.435,20.51,20.14,47.44333333,49.41333333,49.42,49.61333333,48.765,48.79166667,50.64833333,50.70833333,50.16666667,50.09666667,50.48333333,50.70833333,63.03,50.995,50.15666667,48.575,45.945,46.59166667,46.085,55.54,35.23666667,39.59666667,39.56333333,39.57666667,39.735,38.17166667,38.14166667,37.94833333,36.86333333,36.54666667,36.49166667,36.21,35.86833333,35.61166667,35.41666667,35.23333333,35.39833333,35.28333333,35.35166667,35.42,35.41833333,35.33833333,35.605,35.64666667,35.595,45.70666667,57.67166667,30.375,30.825,30.60333333,30.31166667,30.11,29.98
55.745,59.2,51.71833333,51.77,69.01166667,66.925,73.12333333,43.04333333,44.82166667,35.58833333,32.43833333,28.31333333,27.60166667,27.535,27.78666667,27.63833333,27.25833333,21.875,0,6.481666667,18.94166667,2.005,13.04333333,10.57,10.55166667,10.50333333,10.57833333,10.20833333,37.51166667,39.48166667,39.48833333,39.68166667,38.83333333,38.86,52.74833333,52.99166667,52.42666667,52.28,52.88166667,52.99166667,65.78833333,54.25166667,52.71,53.80166667,57.18333333,55.78333333,57.32333333,66.38166667,55.58166667,59.94166667,59.90833333,59.92166667,60.08,58.51666667,58.48666667,58.29333333,57.20833333,56.89166667,56.83666667,56.555,56.21333333,55.95666667,55.76166667,55.57833333,55.74333333,55.62833333,55.69666667,55.765,55.76333333,55.68333333,55.95,55.99166667,55.94,58.66333333,43.22833333,50.72,51.17,50.94833333,50.65666667,50.455,50.325
58.215,61.67,54.18833333,54.24,71.48166667,69.395,75.59333333,45.51333333,47.29166667,38.05833333,34.90833333,30.78333333,30.07166667,30.005,30.25666667,30.10833333,29.72833333,24.345,6.48,0,21.41166667,8.485,19.52333333,17.05,17.03166667,16.98333333,17.05833333,16.68833333,43.99166667,45.96166667,45.96833333,46.16166667,45.31333333,45.34,59.22833333,59.47166667,58.90666667,58.76,59.36166667,59.47166667,72.26833333,60.73166667,59.19,60.28166667,63.66333333,62.26333333,63.80333333,72.86166667,58.05166667,62.41166667,62.37833333,62.39166667,62.55,60.98666667,60.95666667,60.76333333,59.67833333,59.36166667,59.30666667,59.025,58.68333333,58.42666667,58.23166667,58.04833333,58.21333333,58.09833333,58.16666667,58.235,58.23333333,58.15333333,58.42,58.46166667,58.41,65.14333333,39.73,53.19,53.64,53.41833333,53.12666667,52.925,52.795
46.215,49.67,42.18833333,42.24,59.48166667,57.395,63.59333333,33.51333333,35.29166667,26.05833333,22.90833333,18.78333333,18.07166667,18.005,18.25666667,18.10833333,17.72833333,12.345,19.08333333,21.47666667,0,17.84666667,12.84333333,11.75833333,11.74,11.69166667,11.76666667,11.39666667,38.7,40.67,40.67666667,40.87,40.02166667,40.04833333,53.93666667,54.18,53.615,53.46833333,54.07,54.18,66.97666667,55.44,53.89833333,54.99,56.76,56.97166667,56.9,66.355,46.05166667,50.41166667,50.37833333,50.39166667,50.55,48.98666667,48.95666667,48.76333333,47.67833333,47.36166667,47.30666667,47.025,46.68333333,46.42666667,46.23166667,46.04833333,46.21333333,46.09833333,46.16666667,46.235,46.23333333,46.15333333,46.42,46.46166667,46.41,56.52166667,48.92833333,41.19,41.64,41.41833333,41.12666667,40.925,40.795
57.75,61.205,53.72333333,53.775,71.01666667,68.93,75.12833333,45.04833333,46.82666667,37.59333333,34.44333333,30.31833333,29.60666667,29.54,29.79166667,29.64333333,29.26333333,23.88,2.005,8.486666667,17.91666667,0,11.03833333,8.565,8.546666667,8.498333333,8.573333333,8.203333333,35.50666667,37.47666667,37.48333333,37.67666667,36.82833333,36.855,50.74333333,50.98666667,50.42166667,50.275,50.87666667,50.98666667,63.78333333,52.24666667,50.705,51.79666667,55.17833333,53.77833333,55.31833333,64.37666667,57.58666667,60.77333333,60.80666667,60.79333333,61.14333333,60.52166667,60.49166667,60.29833333,59.21333333,58.89666667,58.84166667,58.56,58.21833333,57.96166667,57.76666667,57.58333333,57.74833333,57.63333333,57.70166667,57.77,57.76833333,57.68833333,57.955,57.99666667,57.945,56.65833333,45.23333333,52.725,53.175,52.95333333,52.66166667,52.46,52.33
55.42833333,58.88333333,51.40166667,51.45333333,68.695,66.60833333,72.80666667,42.72666667,44.505,35.27166667,32.12166667,27.99666667,27.285,27.21833333,27.47,27.32166667,26.94166667,21.55833333,13.06333333,19.545,12.87333333,11.05833333,0,4.97,4.951666667,4.903333333,4.978333333,4.608333333,31.91166667,33.88166667,33.88833333,34.08166667,33.23333333,33.26,47.14833333,47.39166667,46.82666667,46.68,47.28166667,47.39166667,60.18833333,48.65166667,47.11,48.20166667,51.58333333,50.18333333,51.72333333,60.78166667,55.265,57.17833333,57.21166667,57.19833333,57.54833333,58.2,58.17,57.97666667,56.89166667,56.575,56.52,56.23833333,55.89666667,55.64,55.445,55.26166667,55.42666667,55.31166667,55.38,55.44833333,55.44666667,55.36666667,55.63333333,55.675,55.62333333,53.06333333,42.14,50.40333333,50.85333333,50.63166667,50.34,50.13833333,50.00833333
54.40333333,57.85833333,50.37666667,50.42833333,67.67,65.58333333,71.78166667,41.70166667,43.48,34.24666667,31.09666667,26.97166667,26.26,26.19333333,26.445,26.29666667,25.91666667,20.53333333,10.60333333,17.085,11.84833333,8.598333333,4.97,0,0.018333333,0.066666667,0.25,0.681666667,26.94166667,28.91166667,28.91833333,29.11166667,28.26333333,28.29,42.17833333,42.42166667,41.85666667,41.71,42.31166667,42.42166667,55.21833333,43.68166667,42.14,43.23166667,46.61333333,45.21333333,46.75333333,55.81166667,54.24,52.20833333,52.24166667,52.22833333,52.57833333,53.63333333,53.66333333,54.01833333,55.11666667,55.25833333,55.31333333,55.21333333,54.87166667,54.615,54.42,54.23666667,54.40166667,54.28666667,54.355,54.42333333,54.42166667,54.34166667,54.60833333,54.65,54.59833333,48.09333333,37.41166667,49.37833333,49.82833333,49.60666667,49.315,49.11333333,48.98333333
54.385,57.84,50.35833333,50.41,67.65166667,65.565,71.76333333,41.68333333,43.46166667,34.22833333,31.07833333,26.95333333,26.24166667,26.175,26.42666667,26.27833333,25.89833333,20.515,10.585,17.06666667,11.83,8.58,4.951666667,0.018333333,0,0.048333333,0.231666667,0.663333333,26.96,28.93,28.93666667,29.13,28.28166667,28.30833333,42.19666667,42.44,41.875,41.72833333,42.33,42.44,55.23666667,43.7,42.15833333,43.25,46.63166667,45.23166667,46.77166667,55.83,54.22166667,52.22666667,52.26,52.24666667,52.59666667,53.65166667,53.68166667,54.03666667,55.135,55.27666667,55.33166667,55.195,54.85333333,54.59666667,54.40166667,54.21833333,54.38333333,54.26833333,54.33666667,54.405,54.40333333,54.32333333,54.59,54.63166667,54.58,48.11166667,37.39333333,49.36,49.81,49.58833333,49.29666667,49.095,48.965
54.33666667,57.79166667,50.31,50.36166667,67.60333333,65.51666667,71.715,41.635,43.41333333,34.18,31.03,26.905,26.19333333,26.12666667,26.37833333,26.23,25.85,20.46666667,10.53666667,17.01833333,11.78166667,8.531666667,4.903333333,0.066666667,0.048333333,0,0.183333333,0.615,27.00833333,28.97833333,28.985,29.17833333,28.33,28.35666667,42.245,42.48833333,41.92333333,41.77666667,42.37833333,42.48833333,55.285,43.74833333,42.20666667,43.29833333,46.68,45.28,46.82,55.87833333,54.17333333,52.275,52.30833333,52.295,52.645,53.7,53.73,54.085,55.18333333,55.325,55.38,55.14666667,54.805,54.54833333,54.35333333,54.17,54.335,54.22,54.28833333,54.35666667,54.355,54.275,54.54166667,54.58333333,54.53166667,48.16,37.345,49.31166667,49.76166667,49.54,49.24833333,49.04666667,48.91666667
54.46666667,57.92166667,50.44,50.49166667,67.73333333,65.64666667,71.845,41.765,43.54333333,34.31,31.16,27.035,26.32333333,26.25666667,26.50833333,26.36,25.98,20.59666667,10.66666667,17.14833333,11.91166667,8.661666667,5.033333333,0.195,0.176666667,0.128333333,0,0.745,27.13666667,29.10666667,29.11333333,29.30666667,28.45833333,28.485,42.37333333,42.61666667,42.05166667,41.905,42.50666667,42.61666667,55.41333333,43.87666667,42.335,43.42666667,46.80833333,45.40833333,46.94833333,56.00666667,54.30333333,52.40333333,52.43666667,52.42333333,52.77333333,53.82833333,53.85833333,54.21333333,55.31166667,55.45333333,55.50833333,55.27666667,54.935,54.67833333,54.48333333,54.3,54.465,54.35,54.41833333,54.48666667,54.485,54.405,54.67166667,54.71333333,54.66166667,48.28833333,37.16166667,49.44166667,49.89166667,49.67,49.37833333,49.17666667,49.04666667
54.06,57.515,50.03333333,50.085,67.32666667,65.24,71.43833333,41.35833333,43.13666667,33.90333333,30.75333333,26.62833333,25.91666667,25.85,26.10166667,25.95333333,25.57333333,20.19,10.26,16.74166667,11.505,8.255,4.626666667,0.633333333,0.615,0.566666667,0.641666667,0,27.575,29.545,29.55166667,29.745,28.89666667,28.92333333,42.81166667,43.055,42.49,42.34333333,42.945,43.055,55.85166667,44.315,42.77333333,43.865,47.24666667,45.84666667,47.38666667,56.445,53.89666667,52.84166667,52.875,52.86166667,53.21166667,54.26666667,54.29666667,54.65166667,55.52333333,55.20666667,55.15166667,54.87,54.52833333,54.27166667,54.07666667,53.89333333,54.05833333,53.94333333,54.01166667,54.08,54.07833333,53.99833333,54.265,54.30666667,54.255,48.72666667,37.80333333,49.035,49.485,49.26333333,48.97166667,48.77,48.64
41.11166667,44.56666667,37.085,37.13666667,54.37833333,52.29166667,68.32666667,46.065,64.68166667,59.94666667,58.045,53.92,53.20833333,53.14166667,53.39333333,53.245,52.865,47.48166667,37.55166667,44.03333333,38.79666667,35.54666667,31.91833333,26.94833333,26.96666667,27.015,27.19833333,27.63,0,1.97,1.976666667,2.17,1.321666667,1.348333333,15.23666667,15.48,14.915,14.76833333,15.37,15.48,28.27666667,16.74,15.19833333,16.29,19.67166667,18.27166667,19.81166667,28.87,29.985,25.26666667,25.3,25.28666667,25.63666667,26.69166667,26.72166667,27.07666667,28.175,28.31666667,28.37166667,28.65333333,28.995,29.72166667,29.82333333,30.05666667,29.90666667,30.165,30.315,30.38333333,30.38166667,30.30166667,30.56833333,30.19333333,29.705,21.15166667,64.36,35.40833333,36.11666667,36.01833333,36.02333333,35.69,35.87
39.50666667,42.96166667,35.48,35.53166667,52.77333333,50.68666667,66.72166667,44.46,63.07666667,58.34166667,57.86,55.79666667,55.085,55.01833333,55.27,55.12166667,54.74166667,49.35833333,39.42833333,45.91,40.67333333,37.42333333,33.795,28.825,28.84333333,28.89166667,29.075,29.50666667,1.876666667,0,0.15,0.443333333,0.555,0.528333333,13.63166667,13.875,13.31,13.16333333,13.765,13.875,26.67166667,15.135,13.59333333,14.685,18.06666667,16.66666667,18.20666667,27.265,28.38,23.66166667,23.695,23.68166667,24.03166667,25.08666667,25.11666667,25.47166667,26.57,26.71166667,26.76666667,27.04833333,27.39,28.11666667,28.21833333,28.45166667,28.30166667,28.56,28.71,28.77833333,28.77666667,28.69666667,28.96333333,28.58833333,28.1,19.54666667,66.23666667,33.80333333,34.51166667,34.41333333,34.41833333,34.085,34.265
39.70333333,43.15833333,35.67666667,35.72833333,52.97,50.88333333,66.91833333,44.65666667,63.27333333,58.53833333,58.05666667,55.84166667,55.13,55.06333333,55.315,55.16666667,54.78666667,49.40333333,39.47333333,45.955,40.71833333,37.46833333,33.84,28.87,28.88833333,28.93666667,29.12,29.55166667,1.921666667,0.205,0,0.33,0.6,0.573333333,13.82833333,14.07166667,13.50666667,13.36,13.96166667,14.07166667,26.86833333,15.33166667,13.79,14.88166667,18.26333333,16.86333333,18.40333333,27.46166667,28.57666667,23.85833333,23.89166667,23.87833333,24.22833333,25.28333333,25.31333333,25.66833333,26.76666667,26.90833333,26.96333333,27.245,27.58666667,28.31333333,28.415,28.64833333,28.49833333,28.75666667,28.90666667,28.975,28.97333333,28.89333333,29.16,28.785,28.29666667,19.74333333,66.28166667,34,34.70833333,34.61,34.615,34.28166667,34.46166667
39.69333333,43.14833333,35.66666667,35.71833333,52.96,50.87333333,66.90833333,44.64666667,63.26333333,58.52833333,58.04666667,55.98333333,55.27166667,55.205,55.45666667,55.30833333,54.92833333,49.545,39.615,46.09666667,40.86,37.61,33.98166667,29.01166667,29.03,29.07833333,29.26166667,29.69333333,2.063333333,0.336666667,0.385,0,0.741666667,0.715,13.81833333,14.06166667,13.49666667,13.35,13.95166667,14.06166667,26.85833333,15.32166667,13.78,14.87166667,18.25333333,16.85333333,18.39333333,27.45166667,28.56666667,23.84833333,23.88166667,23.86833333,24.21833333,25.27333333,25.30333333,25.65833333,26.75666667,26.89833333,26.95333333,27.235,27.57666667,28.30333333,28.405,28.63833333,28.48833333,28.74666667,28.89666667,28.965,28.96333333,28.88333333,29.15,28.775,28.28666667,19.73333333,66.42333333,33.99,34.69833333,34.6,34.605,34.27166667,34.45166667
39.79,43.245,35.76333333,35.815,53.05666667,50.97,67.005,44.74333333,63.36,58.625,58.14333333,55.24166667,54.53,54.46333333,54.715,54.56666667,54.18666667,48.80333333,38.87333333,45.355,40.11833333,36.86833333,33.24,28.27,28.28833333,28.33666667,28.52,28.95166667,1.321666667,0.648333333,0.655,0.848333333,0,0.026666667,13.915,14.15833333,13.59333333,13.44666667,14.04833333,14.15833333,26.955,15.41833333,13.87666667,14.96833333,18.35,16.95,18.49,27.54833333,28.66333333,23.945,23.97833333,23.965,24.315,25.37,25.4,25.755,26.85333333,26.995,27.05,27.33166667,27.67333333,28.4,28.50166667,28.735,28.585,28.84333333,28.99333333,29.06166667,29.06,28.98,29.24666667,28.87166667,28.38333333,19.83,65.68166667,34.08666667,34.795,34.69666667,34.70166667,34.36833333,34.54833333
39.76333333,43.21833333,35.73666667,35.78833333,53.03,50.94333333,66.97833333,44.71666667,63.33333333,58.59833333,58.11666667,55.26833333,54.55666667,54.49,54.74166667,54.59333333,54.21333333,48.83,38.9,45.38166667,40.145,36.895,33.26666667,28.29666667,28.315,28.36333333,28.54666667,28.97833333,1.348333333,0.621666667,0.628333333,0.821666667,0.026666667,0,13.88833333,14.13166667,13.56666667,13.42,14.02166667,14.13166667,26.92833333,15.39166667,13.85,14.94166667,18.32333333,16.92333333,18.46333333,27.52166667,28.63666667,23.91833333,23.95166667,23.93833333,24.28833333,25.34333333,25.37333333,25.72833333,26.82666667,26.96833333,27.02333333,27.305,27.64666667,28.37333333,28.475,28.70833333,28.55833333,28.81666667,28.96666667,29.035,29.03333333,28.95333333,29.22,28.845,28.35666667,19.80333333,65.70833333,34.06,34.76833333,34.67,34.675,34.34166667,34.52166667
26.85,30.305,22.82333333,22.875,40.11666667,38.03,54.065,31.80333333,50.42,45.685,45.20333333,44.12833333,43.76,43.92666667,43.73666667,44.025,44.35666667,50.77666667,52.895,59.37666667,54.14,50.89,47.26166667,42.29166667,42.31,42.35833333,42.54166667,42.97333333,15.34333333,13.73666667,13.88666667,13.92166667,14.02166667,13.995,0,1.218333333,0.653333333,0.506666667,1.108333333,1.218333333,14.015,2.478333333,0.936666667,2.028333333,5.41,4.01,5.55,14.60833333,15.72333333,11.005,11.03833333,11.025,11.375,12.43,12.46,12.815,13.91333333,14.055,14.11,14.39166667,14.73333333,15.46,15.56166667,15.795,15.645,15.90333333,16.05333333,16.12166667,16.12,16.04,16.30666667,15.93166667,15.44333333,6.89,79.70333333,21.14666667,21.855,21.75666667,21.76166667,21.42833333,21.60833333
27.00833333,30.46333333,22.98166667,23.03333333,40.275,38.18833333,54.22333333,31.96166667,50.57833333,45.84333333,45.36166667,44.28666667,43.91833333,44.085,43.895,44.18333333,44.515,50.935,53.03,59.51166667,54.275,51.025,47.39666667,42.42666667,42.445,42.49333333,42.67666667,43.10833333,15.47833333,13.87166667,14.02166667,14.05666667,14.15666667,14.13,1.205,0,0.561666667,0.653333333,0.52,0,14.17333333,2.636666667,0.636666667,2.186666667,5.568333333,4.168333333,5.708333333,14.76666667,15.88166667,11.16333333,11.19666667,11.18333333,11.53333333,12.58833333,12.61833333,12.97333333,14.07166667,14.21333333,14.26833333,14.55,14.89166667,15.61833333,15.72,15.95333333,15.80333333,16.06166667,16.21166667,16.28,16.27833333,16.19833333,16.465,16.09,15.60166667,7.048333333,79.83833333,21.305,22.01333333,21.915,21.92,21.58666667,21.76666667
26.46666667,29.92166667,22.44,22.49166667,39.73333333,37.64666667,53.68166667,31.42,50.03666667,45.30166667,44.82,43.745,43.37666667,43.54333333,43.35333333,43.64166667,43.97333333,50.39333333,52.46833333,58.95,53.71333333,50.46333333,46.835,41.865,41.88333333,41.93166667,42.115,42.54666667,14.91666667,13.31,13.46,13.495,13.595,13.56833333,0.643333333,0.565,0,0.091666667,0.666666667,0.565,13.63166667,2.095,0.553333333,1.645,5.026666667,3.626666667,5.166666667,14.225,15.34,10.62166667,10.655,10.64166667,10.99166667,12.04666667,12.07666667,12.43166667,13.53,13.67166667,13.72666667,14.00833333,14.35,15.07666667,15.17833333,15.41166667,15.26166667,15.52,15.67,15.73833333,15.73666667,15.65666667,15.92333333,15.54833333,15.06,6.506666667,79.27666667,20.76333333,21.47166667,21.37333333,21.37833333,21.045,21.225
26.34333333,29.79833333,22.31666667,22.36833333,39.61,37.52333333,53.55833333,31.29666667,49.91333333,45.17833333,44.69666667,43.62166667,43.25333333,43.42,43.23,43.51833333,43.85,50.27,52.37666667,58.85833333,53.62166667,50.37166667,46.74333333,41.77333333,41.79166667,41.84,42.02333333,42.455,14.825,13.21833333,13.36833333,13.40333333,13.50333333,13.47666667,0.551666667,0.711666667,0.146666667,0,0.601666667,0.711666667,13.50833333,1.971666667,0.43,1.521666667,4.903333333,3.503333333,5.043333333,14.10166667,15.21666667,10.49833333,10.53166667,10.51833333,10.86833333,11.92333333,11.95333333,12.30833333,13.40666667,13.54833333,13.60333333,13.885,14.22666667,14.95333333,15.055,15.28833333,15.13833333,15.39666667,15.54666667,15.615,15.61333333,15.53333333,15.8,15.425,14.93666667,6.383333333,79.185,20.64,21.34833333,21.25,21.255,20.92166667,21.10166667
26.785,30.24,22.75833333,22.81,40.05166667,37.965,54,31.73833333,50.355,45.62,45.13833333,44.06333333,43.695,43.86166667,43.67166667,43.96,44.29166667,50.71166667,52.925,59.40666667,54.17,50.92,47.29166667,42.32166667,42.34,42.38833333,42.57166667,43.00333333,15.37333333,13.76666667,13.91666667,13.95166667,14.05166667,14.025,1.1,0.413333333,0.618333333,0.548333333,0,0.413333333,13.95,2.413333333,0.545,1.963333333,5.345,3.945,5.485,14.54333333,15.65833333,10.94,10.97333333,10.96,11.31,12.365,12.395,12.75,13.84833333,13.99,14.045,14.32666667,14.66833333,15.395,15.49666667,15.73,15.58,15.83833333,15.98833333,16.05666667,16.055,15.975,16.24166667,15.86666667,15.37833333,6.825,79.73333333,21.08166667,21.79,21.69166667,21.69666667,21.36333333,21.54333333
27.00833333,30.46333333,22.98166667,23.03333333,40.275,38.18833333,54.22333333,31.96166667,50.57833333,45.84333333,45.36166667,44.28666667,43.91833333,44.085,43.895,44.18333333,44.515,50.935,53.03,59.51166667,54.275,51.025,47.39666667,42.42666667,42.445,42.49333333,42.67666667,43.10833333,15.47833333,13.87166667,14.02166667,14.05666667,14.15666667,14.13,1.205,0,0.561666667,0.653333333,0.52,0,14.17333333,2.636666667,0.636666667,2.186666667,5.568333333,4.168333333,5.708333333,14.76666667,15.88166667,11.16333333,11.19666667,11.18333333,11.53333333,12.58833333,12.61833333,12.97333333,14.07166667,14.21333333,14.26833333,14.55,14.89166667,15.61833333,15.72,15.95333333,15.80333333,16.06166667,16.21166667,16.28,16.27833333,16.19833333,16.465,16.09,15.60166667,7.048333333,79.83833333,21.305,22.01333333,21.915,21.92,21.58666667,21.76666667
39.225,42.68,35.19833333,35.25,52.49166667,50.405,66.44,44.17833333,62.795,58.06,57.57833333,56.50333333,56.135,56.30166667,56.11166667,56.4,56.73166667,63.15166667,65.94166667,72.42333333,67.18666667,63.93666667,60.30833333,55.33833333,55.35666667,55.405,55.58833333,56.02,28.39,26.78333333,26.93333333,26.96833333,27.06833333,27.04166667,14.11666667,14.17666667,13.635,13.565,13.95166667,14.17666667,0,14.85333333,13.625,14.40333333,17.785,16.385,17.925,26.98333333,28.09833333,23.38,23.41333333,23.4,23.75,24.805,24.835,25.19,26.28833333,26.43,26.485,26.76666667,27.10833333,27.835,27.93666667,28.17,28.02,28.27833333,28.42833333,28.49666667,28.495,28.415,28.68166667,28.30666667,27.81833333,19.265,92.75,33.52166667,34.23,34.13166667,34.13666667,33.80333333,33.98333333
27.295,30.75,23.26833333,23.32,40.56166667,38.475,54.51,32.24833333,50.865,46.13,45.64833333,44.57333333,44.205,44.37166667,44.18166667,44.47,44.80166667,51.22166667,54.295,60.77666667,55.54,52.29,48.66166667,43.69166667,43.71,43.75833333,43.94166667,44.37333333,16.74333333,15.13666667,15.28666667,15.32166667,15.42166667,15.395,2.47,2.53,1.988333333,1.918333333,2.305,2.53,14.85166667,0,1.978333333,2.473333333,5.855,4.455,5.995,15.05333333,16.16833333,11.45,11.48333333,11.47,11.82,12.875,12.905,13.26,14.35833333,14.5,14.555,14.83666667,15.17833333,15.905,16.00666667,16.24,16.09,16.34833333,16.49833333,16.56666667,16.565,16.485,16.75166667,16.37666667,15.88833333,7.335,81.10333333,21.59166667,22.3,22.20166667,22.20666667,21.87333333,22.05333333
26.455,29.91,22.42833333,22.48,39.72166667,37.635,53.67,31.40833333,50.025,45.29,44.80833333,43.73333333,43.365,43.53166667,43.34166667,43.63,43.96166667,50.38166667,52.75333333,59.235,53.99833333,50.74833333,47.12,42.15,42.16833333,42.21666667,42.4,42.83166667,15.20166667,13.595,13.745,13.78,13.88,13.85333333,0.928333333,0.636666667,0.446666667,0.376666667,0.543333333,0.636666667,13.62,2.083333333,0,1.633333333,5.015,3.615,5.155,14.21333333,15.32833333,10.61,10.64333333,10.63,10.98,12.035,12.065,12.42,13.51833333,13.66,13.715,13.99666667,14.33833333,15.065,15.16666667,15.4,15.25,15.50833333,15.65833333,15.72666667,15.725,15.645,15.91166667,15.53666667,15.04833333,6.495,79.56166667,20.75166667,21.46,21.36166667,21.36666667,21.03333333,21.21333333
24.82166667,28.27666667,20.795,20.84666667,38.08833333,36.00166667,52.03666667,29.775,48.39166667,43.65666667,43.175,42.1,41.73166667,41.89833333,41.70833333,41.99666667,42.32833333,48.74833333,53.89833333,60.38,55.14333333,51.89333333,48.265,43.295,43.31333333,43.36166667,43.545,43.97666667,16.34666667,14.74,14.89,14.925,15.025,14.99833333,2.073333333,2.133333333,1.591666667,1.521666667,1.908333333,2.133333333,14.455,2.42,1.581666667,0,3.381666667,1.981666667,3.521666667,12.58,13.695,8.976666667,9.01,8.996666667,9.346666667,10.40166667,10.43166667,10.78666667,11.885,12.02666667,12.08166667,12.36333333,12.705,13.43166667,13.53333333,13.76666667,13.61666667,13.875,14.025,14.09333333,14.09166667,14.01166667,14.27833333,13.90333333,13.415,4.861666667,80.70666667,19.11833333,19.82666667,19.72833333,19.73333333,19.4,19.58
22.24666667,25.70166667,18.22,18.27166667,35.51333333,33.42666667,49.46166667,27.2,45.81666667,41.08166667,40.6,39.525,39.15666667,39.32333333,39.13333333,39.42166667,39.75333333,46.17333333,57.22833333,63.71,56.93166667,55.22333333,51.595,46.625,46.64333333,46.69166667,46.875,47.30666667,19.67666667,18.07,18.22,18.255,18.355,18.32833333,5.403333333,5.463333333,4.921666667,4.851666667,5.238333333,5.463333333,17.785,5.75,4.911666667,3.33,0,1.346666667,0.14,12.875,11.12,6.401666667,6.435,6.421666667,6.771666667,7.826666667,7.856666667,8.211666667,9.31,9.451666667,9.506666667,9.788333333,10.13,10.85666667,10.95833333,11.19166667,11.04166667,11.3,11.45,11.51833333,11.51666667,11.43666667,11.70333333,11.32833333,10.84,2.286666667,84.03666667,16.54333333,17.25166667,17.15333333,17.15833333,16.825,17.005
22.84,26.295,18.81333333,18.865,36.10666667,34.02,50.055,27.79333333,46.41,41.675,41.19333333,40.11833333,39.75,39.91666667,39.72666667,40.015,40.34666667,46.76666667,55.88166667,62.36333333,57.12666667,53.87666667,50.24833333,45.27833333,45.29666667,45.345,45.52833333,45.96,18.33,16.72333333,16.87333333,16.90833333,17.00833333,16.98166667,4.056666667,4.116666667,3.575,3.505,3.891666667,4.116666667,16.43833333,4.403333333,3.565,1.983333333,1.4,0,1.54,11.52833333,11.71333333,6.995,7.028333333,7.015,7.365,8.42,8.45,8.805,9.903333333,10.045,10.1,10.38166667,10.72333333,11.45,11.55166667,11.785,11.635,11.89333333,12.04333333,12.11166667,12.11,12.03,12.29666667,11.92166667,11.43333333,2.88,82.69,17.13666667,17.845,17.74666667,17.75166667,17.41833333,17.59833333
22.38666667,25.84166667,18.36,18.41166667,35.65333333,33.56666667,49.60166667,27.34,45.95666667,41.22166667,40.74,39.665,39.29666667,39.46333333,39.27333333,39.56166667,39.89333333,46.31333333,57.36833333,63.85,57.07166667,55.36333333,51.735,46.765,46.78333333,46.83166667,47.015,47.44666667,19.81666667,18.21,18.36,18.395,18.495,18.46833333,5.543333333,5.603333333,5.061666667,4.991666667,5.378333333,5.603333333,17.925,5.89,5.051666667,3.47,0.14,1.486666667,0,13.015,11.26,6.541666667,6.575,6.561666667,6.911666667,7.966666667,7.996666667,8.351666667,9.45,9.591666667,9.646666667,9.928333333,10.27,10.99666667,11.09833333,11.33166667,11.18166667,11.44,11.59,11.65833333,11.65666667,11.57666667,11.84333333,11.46833333,10.98,2.426666667,84.17666667,16.68333333,17.39166667,17.29333333,17.29833333,16.965,17.145
31.74,35.195,27.71333333,27.765,45.00666667,42.92,58.955,36.69333333,55.31,50.575,50.09333333,49.01833333,48.65,48.81666667,48.62666667,48.915,49.24666667,55.66666667,66.52833333,73.01,66.425,64.52333333,60.895,55.925,55.94333333,55.99166667,56.175,56.60666667,28.97666667,27.37,27.52,27.555,27.655,27.62833333,14.70333333,14.76333333,14.22166667,14.15166667,14.53833333,14.76333333,27.085,15.05,14.21166667,12.63,12.97,11.57,13.11,0,20.61333333,15.895,15.92833333,15.915,16.265,17.32,17.35,17.705,18.80333333,18.945,19,19.28166667,19.62333333,20.35,20.45166667,20.685,20.535,20.79333333,20.94333333,21.01166667,21.01,20.93,21.19666667,20.82166667,20.33333333,13.60166667,93.33666667,26.03666667,26.745,26.64666667,26.65166667,26.31833333,26.49833333
11.60166667,15.05666667,7.575,7.626666667,24.86833333,22.78166667,38.81666667,16.555,35.17166667,30.43666667,29.955,28.88,28.51166667,28.67833333,28.48833333,28.77666667,29.10833333,35.52833333,55.86,58.25333333,46.28666667,57.865,55.58,54.495,54.47666667,54.42833333,54.50333333,54.13333333,30.35166667,28.745,28.895,28.93,29.03,29.00333333,16.07833333,16.13833333,15.59666667,15.52666667,15.91333333,16.13833333,28.46,16.425,15.58666667,14.005,11.375,12.02166667,11.515,20.97,0,5.026666667,4.993333333,5.006666667,5.165,3.601666667,3.571666667,3.378333333,2.293333333,1.976666667,1.921666667,1.64,1.298333333,1.041666667,0.846666667,0.071666667,0.828333333,0.713333333,0.33,0.398333333,0.396666667,0.316666667,0.583333333,1.076666667,1.025,11.13666667,91.665,5.898333333,6.606666667,6.508333333,6.513333333,6.18,6.36
15.845,19.3,11.81833333,11.87,29.11166667,27.025,43.06,20.79833333,39.415,34.68,34.19833333,33.12333333,32.755,32.92166667,32.73166667,33.02,33.35166667,39.77166667,60.10333333,62.49666667,50.53,60.87166667,57.24333333,52.27333333,52.29166667,52.34,52.52333333,52.955,25.325,23.71833333,23.86833333,23.90333333,24.00333333,23.97666667,11.05166667,11.11166667,10.57,10.5,10.88666667,11.11166667,23.43333333,11.39833333,10.56,8.978333333,6.348333333,6.995,6.488333333,15.94333333,4.718333333,0,0.033333333,0.02,0.37,1.425,1.455,1.81,2.908333333,3.05,3.105,3.386666667,3.728333333,4.455,4.556666667,4.79,4.64,4.898333333,5.048333333,5.116666667,5.115,5.035,5.301666667,4.926666667,4.438333333,6.11,89.685,10.14166667,10.85,10.75166667,10.75666667,10.42333333,10.60333333
15.81166667,19.26666667,11.785,11.83666667,29.07833333,26.99166667,43.02666667,20.765,39.38166667,34.64666667,34.165,33.09,32.72166667,32.88833333,32.69833333,32.98666667,33.31833333,39.73833333,60.07,62.46333333,50.49666667,60.905,57.27666667,52.30666667,52.325,52.37333333,52.55666667,52.98833333,25.35833333,23.75166667,23.90166667,23.93666667,24.03666667,24.01,11.085,11.145,10.60333333,10.53333333,10.92,11.145,23.46666667,11.43166667,10.59333333,9.011666667,6.381666667,7.028333333,6.521666667,15.97666667,4.685,0.033333333,0,0.013333333,0.336666667,1.391666667,1.421666667,1.776666667,2.875,3.016666667,3.071666667,3.353333333,3.695,4.421666667,4.523333333,4.756666667,4.606666667,4.865,5.015,5.083333333,5.081666667,5.001666667,5.268333333,4.893333333,4.405,6.143333333,89.71833333,10.10833333,10.81666667,10.71833333,10.72333333,10.39,10.57
15.825,19.28,11.79833333,11.85,29.09166667,27.005,43.04,20.77833333,39.395,34.66,34.17833333,33.10333333,32.735,32.90166667,32.71166667,33,33.33166667,39.75166667,60.08333333,62.47666667,50.51,60.89166667,57.26333333,52.29333333,52.31166667,52.36,52.54333333,52.975,25.345,23.73833333,23.88833333,23.92333333,24.02333333,23.99666667,11.07166667,11.13166667,10.59,10.52,10.90666667,11.13166667,23.45333333,11.41833333,10.58,8.998333333,6.368333333,7.015,6.508333333,15.96333333,4.698333333,0.02,0.013333333,0,0.35,1.405,1.435,1.79,2.888333333,3.03,3.085,3.366666667,3.708333333,4.435,4.536666667,4.77,4.62,4.878333333,5.028333333,5.096666667,5.095,5.015,5.281666667,4.906666667,4.418333333,6.13,89.705,10.12166667,10.83,10.73166667,10.73666667,10.40333333,10.58333333
16.03666667,19.49166667,12.01,12.06166667,29.30333333,27.21666667,43.25166667,20.99,39.60666667,34.87166667,34.39,33.315,32.94666667,33.11333333,32.92333333,33.21166667,33.54333333,39.96333333,60.295,62.68833333,50.72166667,61.18666667,57.55833333,52.58833333,52.60666667,52.655,52.83833333,53.27,25.64,24.03333333,24.18333333,24.21833333,24.31833333,24.29166667,11.36666667,11.42666667,10.885,10.815,11.20166667,11.42666667,23.74833333,11.71333333,10.875,9.293333333,6.663333333,7.31,6.803333333,16.25833333,4.91,0.315,0.281666667,0.295,0,1.616666667,1.646666667,2.001666667,3.1,3.241666667,3.296666667,3.578333333,3.92,4.646666667,4.748333333,4.981666667,4.831666667,5.09,5.24,5.308333333,5.306666667,5.226666667,5.493333333,5.118333333,4.63,6.425,90,10.33333333,11.04166667,10.94333333,10.94833333,10.615,10.795
14.42,17.875,10.39333333,10.445,27.68666667,25.6,41.635,19.37333333,37.99,33.255,32.77333333,31.69833333,31.33,31.49666667,31.30666667,31.595,31.92666667,38.34666667,58.67833333,61.07166667,49.105,60.68333333,58.39833333,53.69833333,53.71666667,53.765,53.94833333,54.38,26.75,25.14333333,25.29333333,25.32833333,25.42833333,25.40166667,12.47666667,12.53666667,11.995,11.925,12.31166667,12.53666667,24.85833333,12.82333333,11.985,10.40333333,7.773333333,8.42,7.913333333,17.36833333,3.293333333,1.425,1.391666667,1.405,1.563333333,0,0.03,0.385,1.483333333,1.625,1.68,1.961666667,2.303333333,3.03,3.131666667,3.365,3.215,3.473333333,3.623333333,3.691666667,3.69,3.61,3.876666667,3.501666667,3.013333333,7.535,91.11,8.716666667,9.425,9.326666667,9.331666667,8.998333333,9.178333333
14.39,17.845,10.36333333,10.415,27.65666667,25.57,41.605,19.34333333,37.96,33.225,32.74333333,31.66833333,31.3,31.46666667,31.27666667,31.565,31.89666667,38.31666667,58.64833333,61.04166667,49.075,60.65333333,58.36833333,53.72833333,53.74666667,53.795,53.97833333,54.41,26.78,25.17333333,25.32333333,25.35833333,25.45833333,25.43166667,12.50666667,12.56666667,12.025,11.955,12.34166667,12.56666667,24.88833333,12.85333333,12.015,10.43333333,7.803333333,8.45,7.943333333,17.39833333,3.263333333,1.455,1.421666667,1.435,1.593333333,0.03,0,0.355,1.453333333,1.595,1.65,1.931666667,2.273333333,3,3.101666667,3.335,3.185,3.443333333,3.593333333,3.661666667,3.66,3.58,3.846666667,3.471666667,2.983333333,7.565,91.14,8.686666667,9.395,9.296666667,9.301666667,8.968333333,9.148333333
14.17666667,17.63166667,10.15,10.20166667,27.44333333,25.35666667,41.39166667,19.13,37.74666667,33.01166667,32.53,31.455,31.08666667,31.25333333,31.06333333,31.35166667,31.68333333,38.10333333,58.435,60.82833333,48.86166667,60.44,58.155,54.08166667,54.1,54.14833333,54.33166667,54.76333333,27.13333333,25.52666667,25.67666667,25.71166667,25.81166667,25.785,12.86,12.92,12.37833333,12.30833333,12.695,12.92,25.24166667,13.20666667,12.36833333,10.78666667,8.156666667,8.803333333,8.296666667,17.75166667,3.05,1.808333333,1.775,1.788333333,1.946666667,0.383333333,0.353333333,0,1.24,1.381666667,1.436666667,1.718333333,2.06,2.786666667,2.888333333,3.121666667,2.971666667,3.23,3.38,3.448333333,3.446666667,3.366666667,3.633333333,3.258333333,2.77,7.918333333,91.49333333,8.473333333,9.181666667,9.083333333,9.088333333,8.755,8.935
12.97333333,16.42833333,8.946666667,8.998333333,26.24,24.15333333,40.37666667,17.92666667,36.54333333,31.80833333,31.32666667,30.25166667,29.88333333,30.05,29.86,30.14833333,30.48,36.9,57.23166667,59.625,47.65833333,59.23666667,56.95166667,55.12666667,55.145,55.19333333,55.37666667,55.505,28.17833333,26.57166667,26.72166667,26.75666667,26.85666667,26.83,13.905,13.965,13.42333333,13.35333333,13.74,13.965,26.28666667,14.25166667,13.41333333,11.83166667,9.201666667,9.848333333,9.341666667,18.79666667,2.035,2.853333333,2.82,2.833333333,2.991666667,1.428333333,1.398333333,1.205,0,0.366666667,0.421666667,0.703333333,1.045,1.771666667,1.873333333,2.106666667,1.956666667,2.215,2.365,2.433333333,2.431666667,2.351666667,2.618333333,2.243333333,1.755,8.963333333,92.53833333,7.27,7.978333333,7.88,7.885,7.551666667,7.731666667
12.795,16.25,8.768333333,8.82,26.06166667,23.975,40.01,17.74833333,36.365,31.63,31.14833333,30.07333333,29.705,29.87166667,29.68166667,29.97,30.30166667,36.72166667,57.05333333,59.44666667,47.48,59.05833333,56.77333333,55.32333333,55.34166667,55.39,55.57333333,55.32666667,28.375,26.76833333,26.91833333,26.95333333,27.05333333,27.02666667,14.10166667,14.16166667,13.62,13.55,13.93666667,14.16166667,26.48333333,14.44833333,13.61,12.02833333,9.398333333,10.045,9.538333333,18.99333333,1.668333333,3.05,3.016666667,3.03,3.188333333,1.625,1.595,1.401666667,0.316666667,0,0.055,0.336666667,0.678333333,1.405,1.506666667,1.74,1.59,1.848333333,1.998333333,2.066666667,2.065,1.985,2.251666667,1.876666667,1.388333333,9.16,92.735,7.091666667,7.8,7.701666667,7.706666667,7.373333333,7.553333333
12.74,16.195,8.713333333,8.765,26.00666667,23.92,39.955,17.69333333,36.31,31.575,31.09333333,30.01833333,29.65,29.81666667,29.62666667,29.915,30.24666667,36.66666667,56.99833333,59.39166667,47.425,59.00333333,56.71833333,55.37833333,55.39666667,55.445,55.62833333,55.27166667,28.43,26.82333333,26.97333333,27.00833333,27.10833333,27.08166667,14.15666667,14.21666667,13.675,13.605,13.99166667,14.21666667,26.53833333,14.50333333,13.665,12.08333333,9.453333333,10.1,9.593333333,19.04833333,1.613333333,3.105,3.071666667,3.085,3.243333333,1.68,1.65,1.456666667,0.371666667,0.055,0,0.281666667,0.623333333,1.35,1.451666667,1.685,1.535,1.793333333,1.943333333,2.011666667,2.01,1.93,2.196666667,1.821666667,1.333333333,9.215,92.79,7.036666667,7.745,7.646666667,7.651666667,7.318333333,7.498333333
12.45833333,15.91333333,8.431666667,8.483333333,25.725,23.63833333,39.67333333,17.41166667,36.02833333,31.29333333,30.81166667,29.73666667,29.36833333,29.535,29.345,29.63333333,29.965,36.385,56.71666667,59.11,47.14333333,58.72166667,56.43666667,55.35166667,55.33333333,55.285,55.36,54.99,28.71166667,27.105,27.255,27.29,27.39,27.36333333,14.43833333,14.49833333,13.95666667,13.88666667,14.27333333,14.49833333,26.82,14.785,13.94666667,12.365,9.735,10.38166667,9.875,19.33,1.331666667,3.386666667,3.353333333,3.366666667,3.525,1.961666667,1.931666667,1.738333333,0.653333333,0.336666667,0.281666667,0,0.341666667,1.068333333,1.17,1.403333333,1.253333333,1.511666667,1.661666667,1.73,1.728333333,1.648333333,1.915,1.54,1.051666667,9.496666667,92.52166667,6.755,7.463333333,7.365,7.37,7.036666667,7.216666667
12.11666667,15.57166667,8.09,8.141666667,25.38333333,23.29666667,39.33166667,17.07,35.68666667,30.95166667,30.47,29.395,29.02666667,29.19333333,29.00333333,29.29166667,29.62333333,36.04333333,56.375,58.76833333,46.80166667,58.38,56.095,55.01,54.99166667,54.94333333,55.01833333,54.64833333,29.05333333,27.44666667,27.59666667,27.63166667,27.73166667,27.705,14.78,14.84,14.29833333,14.22833333,14.615,14.84,27.16166667,15.12666667,14.28833333,12.70666667,10.07666667,10.72333333,10.21666667,19.67166667,0.99,3.728333333,3.695,3.708333333,3.866666667,2.303333333,2.273333333,2.08,0.995,0.678333333,0.623333333,0.341666667,0,0.726666667,0.828333333,1.061666667,0.911666667,1.17,1.32,1.388333333,1.386666667,1.306666667,1.573333333,1.198333333,0.71,9.838333333,92.18,6.413333333,7.121666667,7.023333333,7.028333333,6.695,6.875
11.39,14.845,7.363333333,7.415,24.65666667,22.57,38.605,16.34333333,34.96,30.225,29.74333333,28.66833333,28.3,28.46666667,28.27666667,28.565,28.89666667,35.31666667,55.64833333,58.04166667,46.075,57.65333333,55.36833333,54.28333333,54.265,54.21666667,54.29166667,53.92166667,30.145,28.53833333,28.68833333,28.72333333,28.82333333,28.79666667,15.87166667,15.93166667,15.39,15.32,15.70666667,15.93166667,28.25333333,16.21833333,15.38,13.79833333,11.16833333,11.815,11.30833333,20.76333333,0.263333333,4.82,4.786666667,4.8,4.958333333,3.395,3.365,3.171666667,2.086666667,1.77,1.715,1.433333333,1.091666667,0,0.101666667,0.335,0.185,0.443333333,0.593333333,0.661666667,0.66,0.58,0.846666667,0.471666667,0.818333333,10.93,91.45333333,5.686666667,6.395,6.296666667,6.301666667,5.968333333,6.148333333
11.28833333,14.74333333,7.261666667,7.313333333,24.555,22.46833333,38.50333333,16.24166667,34.85833333,30.12333333,29.64166667,28.56666667,28.19833333,28.365,28.175,28.46333333,28.795,35.215,55.54666667,57.94,45.97333333,57.55166667,55.26666667,54.18166667,54.16333333,54.115,54.19,53.82,30.19166667,28.585,28.735,28.77,28.87,28.84333333,15.91833333,15.97833333,15.43666667,15.36666667,15.75333333,15.97833333,28.3,16.265,15.42666667,13.845,11.215,11.86166667,11.355,20.81,0.161666667,4.866666667,4.833333333,4.846666667,5.005,3.441666667,3.411666667,3.218333333,2.133333333,1.816666667,1.761666667,1.48,1.138333333,0.881666667,0,0.233333333,0.083333333,0.341666667,0.491666667,0.56,0.558333333,0.478333333,0.745,0.916666667,0.865,10.97666667,91.35166667,5.585,6.293333333,6.195,6.2,5.866666667,6.046666667
11.66,15.115,7.633333333,7.685,24.92666667,22.84,38.875,16.61333333,35.23,30.495,30.01333333,28.93833333,28.57,28.73666667,28.54666667,28.835,29.16666667,35.58666667,55.91833333,58.31166667,46.345,57.92333333,55.63833333,54.55333333,54.535,54.48666667,54.56166667,54.19166667,30.35166667,28.745,28.895,28.93,29.03,29.00333333,16.07833333,16.13833333,15.59666667,15.52666667,15.91333333,16.13833333,28.46,16.425,15.58666667,14.005,11.375,12.02166667,11.515,20.97,0.666666667,5.026666667,4.993333333,5.006666667,5.165,3.601666667,3.571666667,3.378333333,2.293333333,1.976666667,1.921666667,1.64,1.298333333,1.041666667,0.846666667,0,0.828333333,0.713333333,0.781666667,0.85,0.848333333,0.768333333,1.035,1.076666667,1.025,11.13666667,91.72333333,5.956666667,6.665,6.566666667,6.571666667,6.238333333,6.418333333
11.205,14.66,7.178333333,7.23,24.47166667,22.385,38.42,16.15833333,34.775,30.04,29.55833333,28.48333333,28.115,28.28166667,28.09166667,28.38,28.71166667,35.13166667,55.46333333,57.85666667,45.89,57.46833333,55.18333333,54.09833333,54.08,54.03166667,54.10666667,53.73666667,30.33666667,28.73,28.88,28.915,29.015,28.98833333,16.06333333,16.12333333,15.58166667,15.51166667,15.89833333,16.12333333,28.445,16.41,15.57166667,13.99,11.36,12.00666667,11.5,20.955,0.078333333,5.011666667,4.978333333,4.991666667,5.15,3.586666667,3.556666667,3.363333333,2.278333333,1.961666667,1.906666667,1.625,1.283333333,1.026666667,0.746666667,0.15,0,0.258333333,0.408333333,0.476666667,0.475,0.395,0.661666667,1.005,1.01,11.12166667,91.26833333,5.501666667,6.21,6.111666667,6.116666667,5.783333333,5.963333333
11.23833333,14.69333333,7.211666667,7.263333333,24.505,22.41833333,38.45333333,16.19166667,34.80833333,30.07333333,29.59166667,28.51666667,28.14833333,28.315,28.125,28.41333333,28.745,35.165,55.49666667,57.89,45.92333333,57.50166667,55.21666667,54.13166667,54.11333333,54.065,54.14,53.77,30.51,28.90333333,29.05333333,29.08833333,29.18833333,29.16166667,16.23666667,16.29666667,15.755,15.685,16.07166667,16.29666667,28.61833333,16.58333333,15.745,14.16333333,11.53333333,12.18,11.67333333,21.12833333,0.426666667,5.185,5.151666667,5.165,5.323333333,3.76,3.73,3.536666667,2.451666667,2.135,2.08,1.798333333,1.456666667,1.2,0.488333333,0.498333333,0.571666667,0,0.318333333,0.386666667,0.51,0.43,0.571666667,0.746666667,1.183333333,11.295,91.30166667,5.535,6.243333333,6.145,6.15,5.816666667,5.996666667
11.76333333,15.21833333,7.736666667,7.788333333,25.03,22.94333333,38.97833333,16.71666667,35.33333333,30.59833333,30.11666667,29.04166667,28.67333333,28.84,28.65,28.93833333,29.27,35.69,56.02166667,58.415,46.44833333,58.02666667,55.74166667,54.65666667,54.63833333,54.59,54.665,54.295,30.455,28.84833333,28.99833333,29.03333333,29.13333333,29.10666667,16.18166667,16.24166667,15.7,15.63,16.01666667,16.24166667,28.56333333,16.52833333,15.69,14.10833333,11.47833333,12.125,11.61833333,21.07333333,0.77,5.13,5.096666667,5.11,5.268333333,3.705,3.675,3.481666667,2.396666667,2.08,2.025,1.743333333,1.401666667,1.145,0.95,0.28,0.931666667,0.816666667,0,0.068333333,0.951666667,0.871666667,0.253333333,1.18,1.128333333,11.24,91.82666667,6.06,6.768333333,6.67,6.675,6.341666667,6.521666667
11.76333333,15.21833333,7.736666667,7.788333333,25.03,22.94333333,38.97833333,16.71666667,35.33333333,30.59833333,30.11666667,29.04166667,28.67333333,28.84,28.65,28.93833333,29.27,35.69,56.02166667,58.415,46.44833333,58.02666667,55.74166667,54.65666667,54.63833333,54.59,54.665,54.295,30.50666667,28.9,29.05,29.085,29.185,29.15833333,16.23333333,16.29333333,15.75166667,15.68166667,16.06833333,16.29333333,28.615,16.58,15.74166667,14.16,11.53,12.17666667,11.67,21.125,0.821666667,5.181666667,5.148333333,5.161666667,5.32,3.756666667,3.726666667,3.533333333,2.448333333,2.131666667,2.076666667,1.795,1.453333333,1.196666667,1.001666667,0.818333333,0.983333333,0.868333333,0.936666667,0,1.003333333,0.923333333,0.185,1.231666667,1.18,11.29166667,91.82666667,6.06,6.768333333,6.67,6.675,6.341666667,6.521666667
11.205,14.66,7.178333333,7.23,24.47166667,22.385,38.42,16.15833333,34.775,30.04,29.55833333,28.48333333,28.115,28.28166667,28.09166667,28.38,28.71166667,35.13166667,55.46333333,57.85666667,45.89,57.46833333,55.18333333,54.09833333,54.08,54.03166667,54.10666667,53.73666667,30.94166667,29.335,29.485,29.52,29.62,29.59333333,16.66833333,16.72833333,16.18666667,16.11666667,16.50333333,16.72833333,29.05,17.015,16.17666667,14.595,11.965,12.61166667,12.105,21.56,0.795,5.616666667,5.583333333,5.596666667,5.755,4.191666667,4.161666667,3.968333333,2.883333333,2.566666667,2.511666667,2.23,1.888333333,1.631666667,0.92,0.866666667,1.003333333,0.703333333,0.795,0.863333333,0,0.583333333,1.048333333,1.178333333,1.615,11.72666667,91.26833333,5.501666667,6.21,6.111666667,6.116666667,5.783333333,5.963333333
11.35,14.805,7.323333333,7.375,24.61666667,22.53,38.565,16.30333333,34.92,30.185,29.70333333,28.62833333,28.26,28.42666667,28.23666667,28.525,28.85666667,35.27666667,55.60833333,58.00166667,46.035,57.61333333,55.32833333,54.24333333,54.225,54.17666667,54.25166667,53.88166667,30.665,29.05833333,29.20833333,29.24333333,29.34333333,29.31666667,16.39166667,16.45166667,15.91,15.84,16.22666667,16.45166667,28.77333333,16.73833333,15.9,14.31833333,11.68833333,12.335,11.82833333,21.28333333,0.508333333,5.34,5.306666667,5.32,5.478333333,3.915,3.885,3.691666667,2.606666667,2.29,2.235,1.953333333,1.611666667,1.355,1.16,0.58,1.141666667,0.965,0.508333333,0.576666667,0.261666667,0,0.761666667,1.39,1.338333333,11.45,91.41333333,5.646666667,6.355,6.256666667,6.261666667,5.928333333,6.108333333
11.63,15.085,7.603333333,7.655,24.89666667,22.81,38.845,16.58333333,35.2,30.465,29.98333333,28.90833333,28.54,28.70666667,28.51666667,28.805,29.13666667,35.55666667,55.88833333,58.28166667,46.315,57.89333333,55.60833333,54.52333333,54.505,54.45666667,54.53166667,54.16166667,30.32166667,28.715,28.865,28.9,29,28.97333333,16.04833333,16.10833333,15.56666667,15.49666667,15.88333333,16.10833333,28.43,16.395,15.55666667,13.975,11.345,11.99166667,11.485,20.94,0.636666667,4.996666667,4.963333333,4.976666667,5.135,3.571666667,3.541666667,3.348333333,2.263333333,1.946666667,1.891666667,1.61,1.268333333,1.011666667,0.816666667,0.633333333,0.798333333,0.683333333,0.751666667,0.82,0.818333333,0.738333333,0,1.046666667,0.995,11.10666667,91.69333333,5.926666667,6.635,6.536666667,6.541666667,6.208333333,6.388333333
11.725,15.18,7.698333333,7.75,24.99166667,22.905,38.94,16.67833333,35.295,30.56,30.07833333,29.00333333,28.635,28.80166667,28.61166667,28.9,29.23166667,35.65166667,55.98333333,58.37666667,46.41,57.98833333,55.70333333,54.61833333,54.6,54.55166667,54.62666667,54.25666667,30.45833333,28.85166667,29.00166667,29.03666667,29.13666667,29.11,16.185,16.245,15.70333333,15.63333333,16.02,16.245,28.56666667,16.53166667,15.69333333,14.11166667,11.48166667,12.12833333,11.62166667,21.07666667,0.598333333,5.133333333,5.1,5.113333333,5.271666667,3.708333333,3.678333333,3.485,2.4,2.083333333,2.028333333,1.746666667,1.405,1.148333333,0.436666667,0.67,0.52,0.75,0.928333333,0.996666667,0.995,0.915,1.181666667,0,1.131666667,11.24333333,91.78833333,6.021666667,6.73,6.631666667,6.636666667,6.303333333,6.483333333
11.40666667,14.86166667,7.38,7.431666667,24.67333333,22.58666667,38.62166667,16.36,34.97666667,30.24166667,29.76,28.685,28.31666667,28.48333333,28.29333333,28.58166667,28.91333333,35.33333333,55.665,58.05833333,46.09166667,57.67,55.385,54.3,54.28166667,54.23333333,54.30833333,53.93833333,30.16166667,28.555,28.705,28.74,28.84,28.81333333,15.88833333,15.94833333,15.40666667,15.33666667,15.72333333,15.94833333,28.27,16.235,15.39666667,13.815,11.185,11.83166667,11.325,20.78,0.28,4.836666667,4.803333333,4.816666667,4.975,3.411666667,3.381666667,3.188333333,2.103333333,1.786666667,1.731666667,1.45,1.108333333,0.016666667,0.118333333,0.351666667,0.201666667,0.46,0.61,0.678333333,0.676666667,0.596666667,0.863333333,0.488333333,0,10.94666667,91.47,5.703333333,6.411666667,6.313333333,6.318333333,5.985,6.165
22.00333333,25.45833333,17.97666667,18.02833333,35.27,33.18333333,49.21833333,26.95666667,45.57333333,40.83833333,40.35666667,39.28166667,38.91333333,39.08,38.89,39.17833333,39.51,45.93,58.715,65.19666667,56.68833333,56.71,53.08166667,48.11166667,48.13,48.17833333,48.36166667,48.79333333,21.16333333,19.55666667,19.70666667,19.74166667,19.84166667,19.815,6.89,6.95,6.408333333,6.338333333,6.725,6.95,19.27166667,7.236666667,6.398333333,4.816666667,2.186666667,2.833333333,2.326666667,13.6,10.87666667,6.158333333,6.191666667,6.178333333,6.528333333,7.583333333,7.613333333,7.968333333,9.066666667,9.208333333,9.263333333,9.545,9.886666667,10.61333333,10.715,10.94833333,10.79833333,11.05666667,11.20666667,11.275,11.27333333,11.19333333,11.46,11.085,10.59666667,0,85.52333333,16.3,17.00833333,16.91,16.915,16.58166667,16.76166667
91.545,95,87.51833333,87.57,104.8116667,102.725,108.9233333,78.84333333,80.62166667,71.38833333,68.23833333,64.11333333,63.40166667,63.335,63.58666667,63.43833333,63.05833333,57.675,43.11333333,39.63,48.99,45.11833333,42.11166667,37.27333333,37.255,37.20666667,37.07833333,37.82333333,64.215,66.185,66.19166667,66.385,65.53666667,65.56333333,79.45166667,79.695,79.13,78.98333333,79.585,79.695,92.49166667,80.955,79.41333333,80.505,83.88666667,82.48666667,84.02666667,93.085,91.38166667,89.48166667,89.515,89.50166667,89.85166667,90.90666667,90.93666667,91.29166667,92.39,92.53166667,92.58666667,92.355,92.01333333,91.75666667,91.56166667,91.37833333,91.54333333,91.42833333,91.49666667,91.565,91.56333333,91.48333333,91.75,91.79166667,91.74,85.36666667,0,86.52,86.97,86.74833333,86.45666667,86.255,86.125
6.166666667,9.621666667,2.14,2.191666667,19.43333333,17.34666667,38.975,11.12,29.73666667,25.00166667,24.52,23.445,23.07666667,23.24333333,23.05333333,23.34166667,23.67333333,30.09333333,50.425,52.81833333,40.85166667,52.43,50.145,49.06,49.04166667,48.99333333,49.06833333,48.69833333,35.12,33.51333333,33.66333333,33.69833333,33.79833333,33.77166667,20.84666667,20.90666667,20.365,20.295,20.68166667,20.90666667,33.22833333,21.19333333,20.355,18.77333333,16.14333333,16.79,16.28333333,25.73833333,5.435,9.795,9.761666667,9.775,9.933333333,8.37,8.34,8.146666667,7.061666667,6.745,6.69,6.408333333,6.066666667,5.81,5.615,5.431666667,5.596666667,5.481666667,5.55,5.618333333,5.616666667,5.536666667,5.803333333,5.845,5.793333333,15.905,86.23,0,1.171666667,1.073333333,1.078333333,0.745,0.925
5.971666667,9.426666667,1.945,1.996666667,19.23833333,17.15166667,39.56333333,11.63333333,30.25,25.515,25.03333333,23.95833333,23.59,23.75666667,23.56666667,23.855,24.18666667,30.60666667,50.93833333,53.33166667,41.365,52.94333333,50.65833333,49.57333333,49.555,49.50666667,49.58166667,49.21166667,35.70833333,34.10166667,34.25166667,34.28666667,34.38666667,34.36,21.435,21.495,20.95333333,20.88333333,21.27,21.495,33.81666667,21.78166667,20.94333333,19.36166667,16.73166667,17.37833333,16.87166667,26.32666667,6.023333333,10.38333333,10.35,10.36333333,10.52166667,8.958333333,8.928333333,8.735,7.65,7.333333333,7.278333333,6.996666667,6.655,6.398333333,6.203333333,6.02,6.185,6.07,6.138333333,6.206666667,6.205,6.125,6.391666667,6.433333333,6.381666667,16.49333333,86.74333333,1.161666667,0,0.34,0.713333333,1.258333333,1.438333333
5.74,9.195,1.713333333,1.765,19.00666667,16.92,39.41833333,11.40166667,30.01833333,25.28333333,24.80166667,23.72666667,23.35833333,23.525,23.335,23.62333333,23.955,30.375,50.70666667,53.1,41.13333333,52.71166667,50.42666667,49.34166667,49.32333333,49.275,49.35,48.98,35.56333333,33.95666667,34.10666667,34.14166667,34.24166667,34.215,21.29,21.35,20.80833333,20.73833333,21.125,21.35,33.67166667,21.63666667,20.79833333,19.21666667,16.58666667,17.23333333,16.72666667,26.18166667,5.878333333,10.23833333,10.205,10.21833333,10.37666667,8.813333333,8.783333333,8.59,7.505,7.188333333,7.133333333,6.851666667,6.51,6.253333333,6.058333333,5.875,6.04,5.925,5.993333333,6.061666667,6.06,5.98,6.246666667,6.288333333,6.236666667,16.34833333,86.51166667,1.016666667,0.385,0,0.481666667,1.026666667,1.206666667
5.543333333,8.998333333,1.516666667,1.568333333,18.81,16.72333333,39.425,11.10833333,29.725,24.99,24.50833333,23.43333333,23.065,23.23166667,23.04166667,23.33,23.66166667,30.08166667,50.41333333,52.80666667,40.84,52.41833333,50.13333333,49.04833333,49.03,48.98166667,49.05666667,48.68666667,35.57,33.96333333,34.11333333,34.14833333,34.24833333,34.22166667,21.29666667,21.35666667,20.815,20.745,21.13166667,21.35666667,33.67833333,21.64333333,20.805,19.22333333,16.59333333,17.24,16.73333333,26.18833333,5.885,10.245,10.21166667,10.225,10.38333333,8.82,8.79,8.596666667,7.511666667,7.195,7.14,6.858333333,6.516666667,6.26,6.065,5.881666667,6.046666667,5.931666667,6,6.068333333,6.066666667,5.986666667,6.253333333,6.295,6.243333333,16.355,86.21833333,1.023333333,0.706666667,0.536666667,0,0.626666667,0.913333333
5.715,9.17,1.688333333,1.74,18.98166667,16.895,39.2,10.80666667,29.42333333,24.68833333,24.20666667,23.13166667,22.76333333,22.93,22.74,23.02833333,23.36,29.78,50.11166667,52.505,40.53833333,52.11666667,49.83166667,48.74666667,48.72833333,48.68,48.755,48.385,35.345,33.73833333,33.88833333,33.92333333,34.02333333,33.99666667,21.07166667,21.13166667,20.59,20.52,20.90666667,21.13166667,33.45333333,21.41833333,20.58,18.99833333,16.36833333,17.015,16.50833333,25.96333333,5.66,10.02,9.986666667,10,10.15833333,8.595,8.565,8.371666667,7.286666667,6.97,6.915,6.633333333,6.291666667,6.035,5.84,5.656666667,5.821666667,5.706666667,5.775,5.843333333,5.841666667,5.761666667,6.028333333,6.07,6.018333333,16.13,85.91666667,0.798333333,1.248333333,1.026666667,0.626666667,0,0.401666667
6.058333333,9.513333333,2.031666667,2.083333333,19.325,17.23833333,39.435,10.73333333,29.35,24.615,24.13333333,23.05833333,22.69,22.85666667,22.66666667,22.955,23.28666667,29.70666667,50.03833333,52.43166667,40.465,52.04333333,49.75833333,48.67333333,48.655,48.60666667,48.68166667,48.31166667,35.58,33.97333333,34.12333333,34.15833333,34.25833333,34.23166667,21.30666667,21.36666667,20.825,20.755,21.14166667,21.36666667,33.68833333,21.65333333,20.815,19.23333333,16.60333333,17.25,16.74333333,26.19833333,5.895,10.255,10.22166667,10.235,10.39333333,8.83,8.8,8.606666667,7.521666667,7.205,7.15,6.868333333,6.526666667,6.27,6.075,5.891666667,6.056666667,5.941666667,6.01,6.078333333,6.076666667,5.996666667,6.263333333,6.305,6.253333333,16.365,85.84333333,1.033333333,1.483333333,1.261666667,0.97,0.456666667,0
